user_id,user_data
59,David Wilson
105,Jane Smith
152,David Wilson
142,Olivia Martinez
808,Sophia Thomas
727,Emily Davis
598,William Taylor
602,Olivia Martinez
168,Sarah Anderson
944,Emily Davis
792,Olivia Martinez
31,Jane Smith
727,William Taylor
269,William Taylor
511,Robert Thompson
608,Sophia Thomas
958,William Taylor
526,Emily Davis
382,William Taylor
44,Jane Smith
113,Jane Smith
800,Robert Thompson
723,William Taylor
502,Michael Johnson
442,Sophia Thomas
484,Olivia Martinez
442,Sophia Thomas
451,Sophia Thomas
401,Jane Smith
545,Sarah Anderson
985,Olivia Martinez
36,Jane Smith
367,William Taylor
67,Sarah Anderson
718,Robert Thompson
157,Jane Smith
330,Olivia Martinez
979,Sarah Anderson
387,Emily Davis
102,Jane Smith
161,Michael Johnson
794,John Doe
36,Jane Smith
675,Olivia Martinez
743,Sarah Anderson
247,Michael Johnson
938,Jane Smith
337,David Wilson
202,Sarah Anderson
26,Michael Johnson
29,Sophia Thomas
464,Olivia Martinez
107,Sophia Thomas
290,Michael Johnson
599,Michael Johnson
407,Jane Smith
193,Sarah Anderson
380,Sophia Thomas
909,Michael Johnson
287,Robert Thompson
436,John Doe
5,Robert Thompson
757,David Wilson
640,Olivia Martinez
426,Sarah Anderson
238,William Taylor
639,Michael Johnson
216,Sarah Anderson
152,Olivia Martinez
938,Sophia Thomas
876,David Wilson
901,David Wilson
743,Robert Thompson
762,Robert Thompson
132,John Doe
16,Jane Smith
808,Emily Davis
82,Sophia Thomas
922,Olivia Martinez
899,David Wilson
369,William Taylor
579,William Taylor
386,Sophia Thomas
453,Emily Davis
552,Sophia Thomas
899,Emily Davis
852,Olivia Martinez
382,Jane Smith
822,John Doe
319,Sophia Thomas
652,Olivia Martinez
75,Sophia Thomas
646,William Taylor
947,Robert Thompson
913,Michael Johnson
242,Emily Davis
405,William Taylor
379,Jane Smith
408,William Taylor
124,William Taylor
